ID,CCAA,Casos,IA,UCI,Fallecidos,Hospitalizados,Nuevos,Curados,Fecha
935,Andalucía,12,0.14,1,0,NA,NA,NA,05/03/20
936,Aragón,1,0.08,1,0,NA,NA,NA,05/03/20
951,Asturias,5,0.49,2,0,NA,NA,NA,05/03/20
947,Baleares,6,0.52,0,0,NA,NA,NA,05/03/20
948,Canarias,8,0.37,0,0,NA,NA,NA,05/03/20
937,Cantabria,10,1.72,0,0,NA,NA,NA,05/03/20
939,Castilla La Mancha,13,0.64,1,0,NA,NA,NA,05/03/20
938,Castilla y León,11,0.46,1,0,NA,NA,NA,05/03/20
940,Cataluña,24,0.31,0,0,NA,NA,NA,05/03/20
941,Ceuta y Melilla,0,0,0,0,NA,NA,NA,05/03/20
944,C. Valenciana,19,0.38,0,1,NA,NA,NA,05/03/20
945,Extremadura,6,0.56,0,0,NA,NA,NA,05/03/20
946,Galicia,1,0.04,0,0,NA,NA,NA,05/03/20
942,Madrid,90,1.35,2,1,NA,NA,NA,05/03/20
952,Murcia,0,0,0,0,NA,NA,NA,05/03/20
943,Navarra,3,0.46,1,0,NA,NA,NA,05/03/20
950,País Vasco,17,0.77,0,1,NA,NA,NA,05/03/20
949,La Rioja,11,3.47,0,0,NA,NA,NA,05/03/20
935,Andalucía,21,0.25,1,0,NA,NA,NA,06/03/20
936,Aragón,6,0.45,1,1,NA,NA,NA,06/03/20
951,Asturias,5,0.49,2,0,NA,NA,NA,06/03/20
947,Baleares,6,0.52,0,0,NA,NA,NA,06/03/20
948,Canarias,11,0.51,0,0,NA,NA,NA,06/03/20
937,Cantabria,10,1.72,0,0,NA,NA,NA,06/03/20
939,Castilla La Mancha,15,0.74,1,0,NA,NA,NA,06/03/20
938,Castilla y León,14,0.58,1,0,NA,NA,NA,06/03/20
940,Cataluña,24,0.31,0,0,NA,NA,NA,06/03/20
941,Ceuta y Melilla,0,0,0,0,NA,NA,NA,06/03/20
944,C. Valenciana,30,0.6,1,1,NA,NA,NA,06/03/20
945,Extremadura,6,0.56,0,0,NA,NA,NA,06/03/20
946,Galicia,3,0.11,0,0,NA,NA,NA,06/03/20
942,Madrid,137,2.06,2,2,NA,NA,NA,06/03/20
952,Murcia,0,0,0,0,NA,NA,NA,06/03/20
943,Navarra,0,0,0,0,NA,NA,NA,06/03/20
950,País Vasco,3,0.46,1,0,NA,NA,NA,06/03/20
949,La Rioja,45,2.04,1,1,NA,NA,NA,06/03/20
935,Andalucía,54,0.64,1,0,NA,NA,NA,09/03/20
936,Aragón,13,0.99,1,1,NA,NA,NA,09/03/20
951,Asturias,7,0.68,2,0,NA,NA,NA,09/03/20
947,Baleares,11,0.96,0,0,NA,NA,NA,09/03/20
948,Canarias,22,1.02,0,0,NA,NA,NA,09/03/20
937,Cantabria,12,2.07,0,0,NA,NA,NA,09/03/20
939,Castilla La Mancha,26,1.28,2,0,NA,NA,NA,09/03/20
938,Castilla y León,23,0.96,1,0,NA,NA,NA,09/03/20
940,Cataluña,75,0.98,0,1,NA,NA,NA,09/03/20
941,Ceuta y Melilla,0,0,0,0,NA,NA,NA,09/03/20
944,C. Valenciana,37,0.74,1,1,NA,NA,NA,09/03/20
945,Extremadura,7,0.66,0,0,NA,NA,NA,09/03/20
946,Galicia,6,0.22,0,0,NA,NA,NA,09/03/20
942,Madrid,469,7.04,53,8,NA,NA,NA,09/03/20
952,Murcia,4,0.27,0,0,NA,NA,NA,09/03/20
943,Navarra,3,0.46,1,0,NA,NA,NA,09/03/20
950,País Vasco,149,6.75,5,5,NA,NA,NA,09/03/20
949,La Rioja,81,25.57,1,0,NA,NA,NA,09/03/20
935,Andalucía,71,0.84,1,0,NA,NA,NA,10/03/20
936,Aragón,38,2.88,3,3,NA,NA,NA,10/03/20
951,Asturias,22,2.15,2,0,NA,NA,NA,10/03/20
947,Baleares,13,1.13,1,0,NA,NA,NA,10/03/20
948,Canarias,25,1.16,1,0,NA,NA,NA,10/03/20
937,Cantabria,12,2.07,0,0,NA,NA,NA,10/03/20
939,Castilla La Mancha,39,1.92,2,0,NA,NA,NA,10/03/20
938,Castilla y León,56,2.33,2,0,NA,NA,NA,10/03/20
940,Cataluña,124,1.62,0,3,NA,NA,NA,10/03/20
941,Ceuta y Melilla,0,0,0,0,NA,NA,NA,10/03/20
944,C. Valenciana,50,1,1,1,NA,NA,NA,10/03/20
945,Extremadura,8,0.75,0,0,NA,NA,NA,10/03/20
946,Galicia,22,0.81,2,0,NA,NA,NA,10/03/20
942,Madrid,782,11.74,77,21,NA,NA,NA,10/03/20
952,Murcia,9,0.6,0,0,NA,NA,NA,10/03/20
943,Navarra,12,1.83,2,0,NA,NA,NA,10/03/20
950,País Vasco,195,8.83,5,6,NA,NA,NA,10/03/20
949,La Rioja,144,45.45,1,1,NA,NA,NA,10/03/20
935,Andalucía,90,1.07,3,0,NA,NA,NA,11/03/20
936,Aragón,45,3.41,3,4,NA,NA,NA,11/03/20
951,Asturias,32,3.13,2,0,NA,NA,NA,11/03/20
947,Baleares,16,1.39,1,0,NA,NA,NA,11/03/20
948,Canarias,37,1.49,1,0,NA,NA,NA,11/03/20
937,Cantabria,12,2.07,0,0,NA,NA,NA,11/03/20
939,Castilla La Mancha,71,3.49,5,0,NA,NA,NA,11/03/20
938,Castilla y León,71,2.96,2,0,NA,NA,NA,11/03/20
940,Cataluña,156,2.02,0,3,NA,NA,NA,11/03/20
941,Ceuta y Melilla,0,0,0,0,NA,NA,NA,11/03/20
944,C. Valenciana,65,1.28,1,1,NA,NA,NA,11/03/20
945,Extremadura,9,0.84,1,0,NA,NA,NA,11/03/20
946,Galicia,39,1.44,2,0,NA,NA,NA,11/03/20
942,Madrid,1024,15.34,102,31,NA,NA,NA,11/03/20
952,Murcia,11,0.74,0,0,NA,NA,NA,11/03/20
943,Navarra,46,7.03,3,0,NA,NA,NA,11/03/20
950,País Vasco,225,10.19,15,6,NA,NA,NA,11/03/20
949,La Rioja,179,56.5,1,2,NA,NA,NA,11/03/20
935,Andalucía,115,1.35,4,0,NA,NA,NA,12/03/20
936,Aragón,64,4.85,3,6,NA,NA,NA,12/03/20
951,Asturias,47,4.6,2,1,NA,NA,NA,12/03/20
947,Baleares,22,1.83,2,1,NA,NA,NA,12/03/20
948,Canarias,51,2.09,3,0,NA,NA,NA,12/03/20
937,Cantabria,16,2.75,0,0,NA,NA,NA,12/03/20
939,Castilla La Mancha,115,5.66,9,1,NA,NA,NA,12/03/20
938,Castilla y León,92,3.83,4,0,NA,NA,NA,12/03/20
940,Cataluña,260,3.36,0,4,NA,NA,NA,12/03/20
941,Ceuta y Melilla,0,0,0,0,NA,NA,NA,12/03/20
944,C. Valenciana,76,1.48,2,1,NA,NA,NA,12/03/20
945,Extremadura,19,1.78,1,1,NA,NA,NA,12/03/20
946,Galicia,35,1.3,2,0,NA,NA,NA,12/03/20
942,Madrid,1388,20.77,135,56,NA,NA,NA,12/03/20
952,Murcia,26,1.74,1,0,NA,NA,NA,12/03/20
943,Navarra,73,11.16,3,0,NA,NA,NA,12/03/20
950,País Vasco,346,15.67,18,11,NA,NA,NA,12/03/20
949,La Rioja,205,64.71,1,2,NA,NA,NA,12/03/20
935,Andalucía,219,2.53,8,0,NA,NA,NA,13/03/20
936,Aragón,80,6.06,3,7,NA,NA,NA,13/03/20
951,Asturias,67,6.55,2,1,NA,NA,NA,13/03/20
947,Baleares,30,2.52,2,1,NA,NA,NA,13/03/20
948,Canarias,70,2.97,2,0,NA,NA,NA,13/03/20
937,Cantabria,29,4.99,0,0,NA,NA,NA,13/03/20
939,Castilla La Mancha,194,9.54,10,5,NA,NA,NA,13/03/20
938,Castilla y León,169,6.96,8,1,NA,NA,NA,13/03/20
940,Cataluña,316,4.08,25,4,NA,NA,NA,13/03/20
941,Ceuta y Melilla,2,2.31,0,0,NA,NA,NA,13/03/20
944,C. Valenciana,94,1.72,2,1,NA,NA,NA,13/03/20
945,Extremadura,39,3.65,1,1,NA,NA,NA,13/03/20
946,Galicia,85,3.15,2,0,NA,NA,NA,13/03/20
942,Madrid,1990,29.79,180,81,NA,NA,NA,13/03/20
952,Murcia,35,2.34,1,0,NA,NA,NA,13/03/20
943,Navarra,130,19.87,4,0,NA,NA,NA,13/03/20
950,País Vasco,417,18.89,20,14,NA,NA,NA,13/03/20
949,La Rioja,243,76.71,2,2,NA,NA,NA,13/03/20
935,Andalucía,554,6.44,11,7,NA,NA,NA,16/03/20
936,Aragón,174,13.19,7,11,NA,NA,NA,16/03/20
951,Asturias,177,17.21,3,1,NA,NA,NA,16/03/20
947,Baleares,73,6.18,4,1,NA,NA,NA,16/03/20
948,Canarias,119,5.2,9,1,NA,NA,NA,16/03/20
937,Cantabria,58,8.26,2,0,NA,NA,NA,16/03/20
939,Castilla La Mancha,567,27.74,23,17,NA,NA,NA,16/03/20
938,Castilla y León,334,13.79,24,9,NA,NA,NA,16/03/20
940,Cataluña,903,11.57,33,12,NA,NA,NA,16/03/20
941,Ceuta y Melilla,9,5.22,0,0,NA,NA,NA,16/03/20
944,C. Valenciana,409,7.87,4,5,NA,NA,NA,16/03/20
945,Extremadura,111,9.83,1,2,NA,NA,NA,16/03/20
946,Galicia,245,9.08,9,2,NA,NA,NA,16/03/20
942,Madrid,4165,62.07,253,213,NA,NA,NA,16/03/20
952,Murcia,77,5.15,2,0,NA,NA,NA,16/03/20
943,Navarra,274,41.73,5,1,NA,NA,NA,16/03/20
950,País Vasco,630,28.13,29,23,NA,NA,NA,16/03/20
949,La Rioja,312,98.17,13,4,NA,NA,NA,16/03/20
935,Andalucía,683,7.97,13,11,NA,NA,NA,17/03/20
936,Aragón,207,15.69,9,12,NA,NA,NA,17/03/20
951,Asturias,193,18.77,5,1,NA,NA,NA,17/03/20
947,Baleares,92,7.83,4,1,NA,NA,NA,17/03/20
948,Canarias,148,6.55,13,2,NA,NA,NA,17/03/20
937,Cantabria,58,8.26,2,0,NA,NA,NA,17/03/20
939,Castilla La Mancha,567,27.55,23,17,NA,NA,NA,17/03/20
938,Castilla y León,431,17.63,24,12,NA,NA,NA,17/03/20
940,Cataluña,1394,17.97,33,18,NA,NA,NA,17/03/20
941,Ceuta y Melilla,18,10.42,0,0,NA,NA,NA,17/03/20
944,C. Valenciana,541,10.51,27,13,NA,NA,NA,17/03/20
945,Extremadura,153,13.77,2,3,NA,NA,NA,17/03/20
946,Galicia,292,10.82,9,3,NA,NA,NA,17/03/20
942,Madrid,4871,72.37,340,355,NA,NA,NA,17/03/20
952,Murcia,97,6.49,3,0,NA,NA,NA,17/03/20
943,Navarra,313,47.69,10,2,NA,NA,NA,17/03/20
950,País Vasco,765,34.06,33,36,NA,NA,NA,17/03/20
949,La Rioja,355,111.11,13,5,NA,NA,NA,17/03/20
935,Andalucía,859,10.07,21,19,NA,NA,NA,18/03/20
936,Aragón,226,17.13,9,13,NA,NA,NA,18/03/20
951,Asturias,242,23.46,5,1,NA,NA,NA,18/03/20
947,Baleares,112,9.31,4,1,NA,NA,NA,18/03/20
948,Canarias,181,8.08,17,3,NA,NA,NA,18/03/20
937,Cantabria,68,9.98,3,1,NA,NA,NA,18/03/20
939,Castilla La Mancha,675,32.61,29,28,NA,NA,NA,18/03/20
938,Castilla y León,668,27.38,43,22,NA,NA,NA,18/03/20
940,Cataluña,1866,24.12,33,41,NA,NA,NA,18/03/20
941,Ceuta y Melilla,21,12.15,0,0,NA,NA,NA,18/03/20
944,C. Valenciana,726,14.13,40,22,NA,NA,NA,18/03/20
945,Extremadura,194,17.61,3,6,NA,NA,NA,18/03/20
946,Galicia,341,12.59,12,3,NA,NA,NA,18/03/20
942,Madrid,5637,83.55,491,390,NA,NA,NA,18/03/20
952,Murcia,122,8.17,4,0,NA,NA,NA,18/03/20
943,Navarra,386,58.54,10,3,NA,NA,NA,18/03/20
950,País Vasco,973,43.3,37,40,NA,NA,NA,18/03/20
949,La Rioja,419,130.05,13,5,NA,NA,NA,18/03/20
935,Andalucía,1008,11.84,25,23,NA,NA,NA,19/03/20
936,Aragón,281,21.22,14,15,NA,NA,NA,19/03/20
951,Asturias,292,28.06,6,1,NA,NA,NA,19/03/20
947,Baleares,169,14.18,7,2,NA,NA,NA,19/03/20
948,Canarias,220,9.84,23,3,NA,NA,NA,19/03/20
937,Cantabria,83,12.56,4,1,NA,NA,NA,19/03/20
939,Castilla La Mancha,801,38.76,37,42,NA,NA,NA,19/03/20
938,Castilla y León,868,35.72,54,29,NA,NA,NA,19/03/20
940,Cataluña,2702,34.89,33,55,NA,NA,NA,19/03/20
941,Ceuta y Melilla,24,13.89,0,0,NA,NA,NA,19/03/20
944,C. Valenciana,921,18.03,52,24,NA,NA,NA,19/03/20
945,Extremadura,241,22.01,3,8,NA,NA,NA,19/03/20
946,Galicia,453,16.74,15,4,NA,NA,NA,19/03/20
942,Madrid,6777,100.35,590,498,NA,NA,NA,19/03/20
952,Murcia,167,11.18,6,0,NA,NA,NA,19/03/20
943,Navarra,482,73.22,11,4,NA,NA,NA,19/03/20
950,País Vasco,1190,53.13,44,53,NA,NA,NA,19/03/20
949,La Rioja,468,144.26,15,5,NA,NA,NA,19/03/20
935,Andalucía,1287,15.05,38,30,NA,NA,NA,20/03/20
936,Aragón,360,26.83,28,17,NA,NA,NA,20/03/20
951,Asturias,344,33.14,7,2,NA,NA,NA,20/03/20
947,Baleares,203,17.14,10,2,NA,NA,NA,20/03/20
948,Canarias,287,12.82,25,4,NA,NA,NA,20/03/20
937,Cantabria,144,23.06,7,1,NA,NA,NA,20/03/20
939,Castilla La Mancha,1044,50.62,37,62,NA,NA,NA,20/03/20
938,Castilla y León,1147,47.22,69,43,NA,NA,NA,20/03/20
940,Cataluña,3270,42.29,33,82,NA,NA,NA,20/03/20
941,Ceuta y Melilla,29,16.83,1,0,NA,NA,NA,20/03/20
944,C. Valenciana,1105,21.48,71,33,NA,NA,NA,20/03/20
945,Extremadura,297,27.25,4,10,NA,NA,NA,20/03/20
946,Galicia,578,21.3,19,5,NA,NA,NA,20/03/20
942,Madrid,7165,105.47,678,628,NA,NA,NA,20/03/20
952,Murcia,204,13.66,11,0,NA,NA,NA,20/03/20
943,Navarra,554,84.22,19,5,NA,NA,NA,20/03/20
950,País Vasco,1465,64.32,53,71,NA,NA,NA,20/03/20
949,La Rioja,497,147.73,15,7,NA,NA,NA,20/03/20
935,Andalucía,1515,17.68,53,40,605,228,NA,21/03/20
936,Aragón,424,31.3,33,22,192,64,NA,21/03/20
951,Asturias,486,47.03,12,5,133,142,NA,21/03/20
947,Baleares,246,20.88,14,4,60,43,NA,21/03/20
948,Canarias,348,15.65,29,7,139,61,NA,21/03/20
937,Cantabria,215,35.28,9,2,92,71,NA,21/03/20
939,Castilla La Mancha,1423,69.26,65,84,635,379,NA,21/03/20
938,Castilla y León,1466,60.51,85,55,575,319,NA,21/03/20
940,Cataluña,4203,54.45,298,122,1681,933,NA,21/03/20
941,Ceuta y Melilla,30,17.41,0,0,8,1,NA,21/03/20
944,C. Valenciana,1363,26.64,84,50,476,258,NA,21/03/20
945,Extremadura,354,32.59,6,12,65,57,NA,21/03/20
946,Galicia,739,27.26,29,9,168,161,NA,21/03/20
942,Madrid,8921,131.82,767,804,7388,1756,NA,21/03/20
952,Murcia,240,16.07,14,1,61,36,NA,21/03/20
943,Navarra,664,101.04,25,9,222,110,NA,21/03/20
950,País Vasco,1725,76.09,71,85,654,260,NA,21/03/20
949,La Rioja,564,165.72,17,15,128,67,NA,21/03/20
935,Andalucía,1725,20.1,55,47,724,210,NA,22/03/20
936,Aragón,532,39.49,45,24,241,108,NA,22/03/20
951,Asturias,545,52.6,15,8,171,59,NA,22/03/20
947,Baleares,331,28.1,14,4,79,85,NA,22/03/20
948,Canarias,414,18.44,32,9,150,66,NA,22/03/20
937,Cantabria,282,46.47,9,5,116,67,NA,22/03/20
939,Castilla La Mancha,1819,88.74,76,112,838,396,NA,22/03/20
938,Castilla y León,1744,71.76,106,74,709,278,NA,22/03/20
940,Cataluña,4704,60.65,298,191,1681,501,NA,22/03/20
941,Ceuta y Melilla,30,17.41,1,0,12,0,NA,22/03/20
944,C. Valenciana,1604,31.32,113,69,590,241,NA,22/03/20
945,Extremadura,384,35.4,8,14,87,30,NA,22/03/20
946,Galicia,915,33.71,35,12,227,176,NA,22/03/20
942,Madrid,9702,142.98,834,1021,8441,781,NA,22/03/20
952,Murcia,296,19.75,16,1,78,56,NA,22/03/20
943,Navarra,794,120.91,30,14,288,130,NA,22/03/20
950,País Vasco,2097,91.81,81,97,988,372,NA,22/03/20
949,La Rioja,654,189.08,17,18,134,90,NA,22/03/20
935,Andalucía,1961,22.66,77,58,865,236,50,23/03/20
936,Aragón,638,47.37,52,32,298,106,3,23/03/20
951,Asturias,594,57.39,22,12,194,49,21,23/03/20
947,Baleares,400,33.84,27,10,87,69,18,23/03/20
948,Canarias,481,21.32,32,11,172,67,7,23/03/20
937,Cantabria,347,57.65,14,6,157,65,11,23/03/20
939,Castilla La Mancha,2078,100.94,142,145,1547,259,51,23/03/20
938,Castilla y León,2055,84.68,120,102,860,311,117,23/03/20
940,Cataluña,5925,76.22,551,245,1681,1221,644,23/03/20
941,Ceuta y Melilla,34,19.73,1,0,12,4,0,23/03/20
944,C. Valenciana,1901,37.25,138,94,702,297,36,23/03/20
945,Extremadura,493,45.52,13,18,131,109,6,23/03/20
946,Galicia,1208,44.53,47,18,270,293,19,23/03/20
942,Madrid,10575,151.66,942,1263,9561,873,2063,23/03/20
952,Murcia,345,22.83,23,2,80,49,1,23/03/20
943,Navarra,886,134.97,40,24,339,92,7,23/03/20
950,País Vasco,2421,102.91,92,120,1252,324,283,23/03/20
949,La Rioja,747,210.23,22,22,166,93,18,23/03/20
935,Andalucía,2471,28.52,102,87,1132,510,66,24/03/20
936,Aragón,758,54.57,66,37,384,120,3,24/03/20
951,Asturias,662,62.57,23,22,224,68,30,24/03/20
947,Baleares,478,40.45,35,10,127,78,19,24/03/20
948,Canarias,557,24.71,36,16,207,76,8,24/03/20
937,Cantabria,425,71.07,16,9,200,78,12,24/03/20
939,Castilla La Mancha,2465,119.34,182,216,1826,387,53,24/03/20
938,Castilla y León,2460,100.19,137,124,1057,405,140,24/03/20
940,Cataluña,7864,100.84,551,282,3599,1939,728,24/03/20
941,Ceuta y Melilla,34,19.73,1,0,12,0,0,24/03/20
944,C. Valenciana,2167,42.31,161,115,917,266,37,24/03/20
945,Extremadura,636,58.82,20,26,161,143,8,24/03/20
946,Galicia,1415,51.6,55,20,338,207,19,24/03/20
942,Madrid,12352,173.64,1050,1535,10443,1777,2291,24/03/20
952,Murcia,385,25.17,26,3,99,40,1,24/03/20
943,Navarra,1014,153.16,45,31,405,128,11,24/03/20
950,País Vasco,2728,114.73,106,133,1425,307,344,24/03/20
949,La Rioja,802,207.7,24,30,206,55,24,24/03/20
935,Andalucía,3010,34.57,116,113,1433,539,71,25/03/20
936,Aragón,907,65.09,75,40,459,149,4,25/03/20
951,Asturias,779,73.24,29,25,263,117,35,25/03/20
947,Baleares,562,45.55,40,13,164,84,28,25/03/20
948,Canarias,657,27.92,43,21,235,100,15,25/03/20
937,Cantabria,510,85.57,18,14,241,85,12,25/03/20
939,Castilla La Mancha,2780,132.9,210,263,2162,315,71,25/03/20
938,Castilla y León,2940,119.4,170,165,1244,480,213,25/03/20
940,Cataluña,9937,128.54,781,516,5434,2073,1274,25/03/20
941,Ceuta y Melilla,47,27.87,3,0,16,13,0,25/03/20
944,C. Valenciana,2616,51.03,198,143,1071,449,44,25/03/20
945,Extremadura,742,68.97,28,39,209,106,8,25/03/20
946,Galicia,1653,59.95,69,27,412,238,25,25/03/20
942,Madrid,14597,203.02,1150,1825,11153,2245,3031,25/03/20
952,Murcia,477,31.18,33,5,127,92,4,25/03/20
943,Navarra,1197,176.39,51,33,506,183,23,25/03/20
950,País Vasco,3271,139.6,119,155,1577,543,466,25/03/20
949,La Rioja,928,238.17,33,37,254,126,43,25/03/20
935,Andalucía,3406,38.96,134,134,1626,396,77,26/03/20
936,Aragón,1116,79.43,93,48,562,209,4,26/03/20
951,Asturias,841,77.84,34,27,300,62,40,26/03/20
947,Baleares,660,53.23,43,17,205,98,39,26/03/20
948,Canarias,784,33.01,45,24,279,127,18,26/03/20
937,Cantabria,671,112.55,26,17,300,161,14,26/03/20
939,Castilla La Mancha,3383,160.32,243,316,2162,603,95,26/03/20
938,Castilla y León,3488,141.33,202,206,1515,548,308,26/03/20
940,Cataluña,11592,148.92,1021,672,7439,1655,1697,26/03/20
941,Ceuta y Melilla,49,11.84,4,1,18,1,0,26/03/20
944,C. Valenciana,3200,62.5,230,167,1278,584,57,26/03/20
945,Extremadura,969,89.39,34,58,241,227,24,26/03/20
946,Galicia,1915,69.66,86,32,503,262,47,26/03/20
942,Madrid,17166,236,1221,2090,12440,2569,3882,26/03/20
952,Murcia,596,38.14,36,8,172,119,9,26/03/20
943,Navarra,1411,205.05,54,49,649,214,35,26/03/20
950,País Vasco,3946,164.99,137,180,1907,675,621,26/03/20
949,La Rioja,995,251.2,36,43,316,67,48,26/03/20
935,Andalucía,3793,42.48,148,144,1843,387,92,27/03/20
936,Aragón,1338,95.35,114,58,693,222,8,27/03/20
951,Asturias,900,81.44,47,29,339,59,52,27/03/20
947,Baleares,755,63.25,46,22,237,95,67,27/03/20
948,Canarias,878,37.52,61,27,328,94,20,27/03/20
937,Cantabria,810,134.41,29,21,355,139,19,27/03/20
939,Castilla La Mancha,3934,183.98,273,367,2707,551,153,27/03/20
938,Castilla y León,4132,165.16,228,252,1791,644,423,27/03/20
940,Cataluña,12940,164.48,1187,880,8545,1348,2348,27/03/20
941,Ceuta y Melilla,59,33.15,4,1,20,10,0,27/03/20
944,C. Valenciana,3532,68.71,252,198,1422,332,73,27/03/20
945,Extremadura,1231,111.64,41,69,277,262,33,27/03/20
946,Galicia,2322,82.87,98,43,557,407,67,27/03/20
942,Madrid,19243,258.92,1312,2412,13580,2077,5044,27/03/20
952,Murcia,714,45.45,53,15,209,118,12,27/03/20
943,Navarra,1641,230.96,75,58,732,230,70,27/03/20
950,País Vasco,4601,189.51,154,207,2270,655,814,27/03/20
949,La Rioja,1236,313.45,43,55,388,241,62,27/03/20
935,Andalucía,4277,47.63,172,175,2106,484,139,28/03/20
936,Aragón,1592,111.5,124,58,835,254,8,28/03/20
951,Asturias,1004,89.17,50,33,408,104,65,28/03/20
947,Baleares,862,72.56,59,26,283,107,80,28/03/20
948,Canarias,1025,43.42,68,36,377,147,25,28/03/20
937,Cantabria,937,155.92,37,22,406,127,21,28/03/20
939,Castilla La Mancha,4512,207.74,289,448,2977,578,197,28/03/20
938,Castilla y León,4791,190.37,249,321,2063,659,585,28/03/20
940,Cataluña,14263,179.2,1324,1070,9900,1323,3106,28/03/20
941,Ceuta y Melilla,62,34.31,4,2,24,3,0,28/03/20
944,C. Valenciana,4034,78.02,282,234,1694,502,92,28/03/20
945,Extremadura,1394,124.38,40,88,312,163,49,28/03/20
946,Galicia,2772,98.43,112,47,906,450,95,28/03/20
942,Madrid,21520,278.84,1404,2757,14211,2277,6326,28/03/20
952,Murcia,802,50.54,58,17,231,88,12,28/03/20
943,Navarra,1829,257.26,84,70,827,188,98,28/03/20
950,País Vasco,5136,209.03,176,221,2612,535,1023,28/03/20
949,La Rioja,1436,365.53,43,65,458,200,364,28/03/20
935,Andalucía,4682,50.45,201,207,2294,405,148,29/03/20
936,Aragón,1858,129.69,124,93,835,266,8,29/03/20
951,Asturias,1088,92.98,57,41,466,84,76,29/03/20
947,Baleares,958,79.69,71,29,345,96,82,29/03/20
948,Canarias,1125,47.18,78,39,425,100,30,29/03/20
937,Cantabria,1023,167.28,40,26,449,86,25,29/03/20
939,Castilla La Mancha,5246,238.33,299,539,3018,734,236,29/03/20
938,Castilla y León,5414,213.46,278,380,2408,623,752,29/03/20
940,Cataluña,15026,186.46,1391,1226,10688,763,3455,29/03/20
941,Ceuta y Melilla,69,23.59,4,2,26,7,0,29/03/20
944,C. Valenciana,4784,34.92,309,267,1874,750,161,29/03/20
945,Extremadura,1456,127.47,41,100,313,62,51,29/03/20
946,Galicia,3139,109.06,123,60,1043,367,153,29/03/20
942,Madrid,22677,287.14,1429,3082,14454,1157,7491,29/03/20
952,Murcia,872,53.62,58,20,260,70,16,29/03/20
943,Navarra,2011,279.42,90,84,896,182,125,29/03/20
950,País Vasco,5740,231.45,271,265,3106,604,1503,29/03/20
949,La Rioja,1629,419.51,43,68,497,193,397,29/03/20
935,Andalucía,5405,57.65,216,236,2671,723,155,30/03/20
936,Aragón,2078,144.32,156,106,1094,220,174,30/03/20
951,Asturias,1158,95.91,60,49,479,70,78,30/03/20
947,Baleares,1000,80.65,80,37,353,42,100,30/03/20
948,Canarias,1204,50.39,84,40,444,79,32,30/03/20
937,Cantabria,1100,179.32,46,27,481,77,24,30/03/20
939,Castilla La Mancha,5858,260.27,302,622,3134,612,252,30/03/20
938,Castilla y León,5801,227.83,307,442,2540,387,871,30/03/20
940,Cataluña,16157,198.74,1512,1410,11769,1131,4125,30/03/20
941,Ceuta y Melilla,76,39.02,5,2,29,7,0,30/03/20
944,C. Valenciana,5110,93.95,336,310,2042,326,185,30/03/20
945,Extremadura,1560,135.71,43,106,353,104,60,30/03/20
946,Galicia,3723,128.84,134,66,1147,584,168,30/03/20
942,Madrid,24090,299.02,1460,3392,14917,1413,8301,30/03/20
952,Murcia,939,57.7,58,25,265,67,17,30/03/20
943,Navarra,2146,286.14,96,102,955,135,161,30/03/20
950,País Vasco,6057,245.81,293,297,3427,317,1646,30/03/20
949,La Rioja,1733,448.55,43,71,517,104,431,30/03/20
935,Andalucía,5818,61.03,235,248,2867,413,160,31/03/20
936,Aragón,2272,156.52,165,138,1176,194,204,31/03/20
951,Asturias,1236,101.97,65,55,529,78,90,31/03/20
947,Baleares,1069,85,85,42,399,69,111,31/03/20
948,Canarias,1262,51.73,94,55,483,58,57,31/03/20
937,Cantabria,1171,191.54,50,37,522,71,35,31/03/20
939,Castilla La Mancha,6424,288.12,344,708,3225,566,296,31/03/20
938,Castilla y León,6211,240.88,325,516,2601,410,1028,31/03/20
940,Cataluña,18773,226.43,1652,1672,12974,2616,4966,31/03/20
941,Ceuta y Melilla,88,40.86,6,2,30,12,0,31/03/20
944,C. Valenciana,5508,99.27,356,339,2189,398,200,31/03/20
945,Extremadura,1628,138.15,51,133,371,68,91,31/03/20
946,Galicia,4039,138.8,149,84,1250,316,187,31/03/20
942,Madrid,27509,339.74,1514,3603,15140,3419,9330,31/03/20
952,Murcia,974,58.71,59,34,283,35,20,31/03/20
943,Navarra,2305,304.49,99,113,1035,159,192,31/03/20
950,País Vasco,6320,251.61,307,325,3594,263,1796,31/03/20
949,La Rioja,1810,459.28,51,85,575,77,496,31/03/20
935,Andalucía,6392,65.76,260,308,3147,574,182,1/04/20
936,Aragón,2491,171.68,168,169,1234,219,257,1/04/20
951,Asturias,1322,105.59,76,63,590,86,109,1/04/20
947,Baleares,1131,88.65,95,46,468,62,170,1/04/20
948,Canarias,1380,55.68,110,62,532,118,77,1/04/20
937,Cantabria,1213,197.05,54,54,543,42,43,1/04/20
939,Castilla La Mancha,7047,313.45,353,774,3230,623,397,1/04/20
938,Castilla y León,6847,257.51,345,585,2692,636,1259,1/04/20
940,Cataluña,19991,236.15,1769,1849,13969,1218,5701,1/04/20
941,Ceuta y Melilla,113,53.77,6,2,38,25,0,1/04/20
944,C. Valenciana,5922,103.84,365,395,2189,414,240,1/04/20
945,Extremadura,1679,139.08,58,152,372,51,113,1/04/20
946,Galicia,4432,151.55,158,103,1338,393,259,1/04/20
942,Madrid,29840,363.22,1514,3865,15227,2331,10827,1/04/20
952,Murcia,1041,61.52,59,37,304,67,43,1/04/20
943,Navarra,2497,322.68,104,130,1120,192,236,1/04/20
950,País Vasco,6838,265.65,324,369,3806,518,2165,1/04/20
949,La Rioja,1960,486.43,54,90,619,150,569,1/04/20
935,Andalucía,6972,70.88,280,343,3444,580,228,2/04/20
936,Aragón,2700,183.36,178,200,1320,209,320,2/04/20
951,Asturias,1384,106.77,79,69,640,62,135,2/04/20
947,Baleares,1204,90.04,105,58,517,73,239,2/04/20
948,Canarias,1444,56.84,113,68,566,64,94,2/04/20
937,Cantabria,1268,203.93,57,60,567,55,60,2/04/20
939,Castilla La Mancha,7682,338.49,355,854,3230,635,494,2/04/20
938,Castilla y León,7355,270.34,353,641,2709,508,1498,2/04/20
940,Cataluña,21804,248.88,1855,2093,15489,1813,6917,2/04/20
941,Ceuta y Melilla,117,54.4,6,2,39,4,0,2/04/20
944,C. Valenciana,6308,107.66,379,443,2189,386,432,2/04/20
945,Extremadura,1837,149.48,62,181,412,158,139,2/04/20
946,Galicia,4842,162.59,165,120,1447,410,333,2/04/20
942,Madrid,32155,380.86,1528,4175,15227,2315,12400,2/04/20
952,Murcia,1084,61.38,68,42,389,43,45,2/04/20
943,Navarra,2682,336.28,108,141,1181,185,278,2/04/20
950,País Vasco,7317,277.52,344,412,4087,479,2490,2/04/20
949,La Rioja,2083,509.79,57,101,660,123,641,2/04/20
935,Andalucía,7374,72.34,338,376,3673,402,258,3/04/20
936,Aragón,2889,191.69,180,224,1431,189,378,3/04/20
951,Asturias,1433,106.47,86,70,702,49,154,3/04/20
947,Baleares,1257,91.7,112,69,587,53,375,3/04/20
948,Canarias,1490,55.87,120,73,605,46,102,3/04/20
937,Cantabria,1321,202.55,59,64,592,53,74,3/04/20
939,Castilla La Mancha,8523,367.9,355,916,3168,841,579,3/04/20
938,Castilla y León,7875,280.39,355,723,2711,520,1759,3/04/20
940,Cataluña,23460,263.05,2053,2335,17257,1656,7849,3/04/20
941,Ceuta y Melilla,132,60.22,6,3,42,15,6,3/04/20
944,C. Valenciana,6624,110.3,386,511,2064,316,592,3/04/20
945,Extremadura,1893,149.48,64,200,415,56,164,3/04/20
946,Galicia,5219,171.92,178,138,1630,377,435,3/04/20
942,Madrid,34188,405.54,1506,4483,15050,2033,13850,3/04/20
952,Murcia,1145,62.99,72,46,405,61,90,3/04/20
943,Navarra,2836,348.82,119,151,1284,154,294,3/04/20
950,País Vasco,7827,288.16,363,444,4283,510,2809,3/04/20
949,La Rioja,2224,545.14,64,109,738,141,745,3/04/20
935,Andalucía,7869,75.51,364,426,3896,495,463,4/04/20
936,Aragón,3078,201.17,190,251,1505,189,440,4/04/20
951,Asturias,1522,101.29,87,76,766,89,190,4/04/20
947,Baleares,1271,89.17,114,71,634,14,422,4/04/20
948,Canarias,1564,56.47,128,78,632,74,123,4/04/20
937,Cantabria,1384,201.18,60,68,619,63,99,4/04/20
939,Castilla La Mancha,9324,388.66,360,989,3133,801,657,4/04/20
938,Castilla y León,8332,286.14,348,786,2664,457,2021,4/04/20
940,Cataluña,24734,267.5,2108,2508,17678,1274,8635,4/04/20
941,Ceuta y Melilla,152,71.33,7,3,45,20,11,4/04/20
944,C. Valenciana,6901,110.68,386,571,1977,277,695,4/04/20
945,Extremadura,1979,152.19,64,208,453,86,205,4/04/20
946,Galicia,5625,181,178,159,1767,406,531,4/04/20
942,Madrid,36249,410.12,1498,4723,14741,2061,15362,4/04/20
952,Murcia,1188,63.46,79,51,434,43,113,4/04/20
943,Navarra,2972,352.79,120,171,1341,136,311,4/04/20
950,País Vasco,8187,292.69,377,477,4522,360,3098,4/04/20
949,La Rioja,2405,581.13,64,128,805,181,843,4/04/20
935,Andalucía,8301,78.15,474,470,4107,432,665,5/04/20
936,Aragón,3232,204.66,233,270,1588,154,537,5/04/20
951,Asturias,1605,103.64,90,80,808,83,216,5/04/20
947,Baleares,1293,83.69,120,75,664,22,461,5/04/20
948,Canarias,1622,56.1,129,80,644,58,137,5/04/20
937,Cantabria,1441,199.46,62,68,639,57,113,5/04/20
939,Castilla La Mancha,10031,403.96,357,1055,2950,707,1149,5/04/20
938,Castilla y León,8749,291.93,351,847,2574,417,2331,5/04/20
940,Cataluña,26032,277.88,2249,2637,18656,1298,9528,5/04/20
941,Ceuta y Melilla,166,79.54,7,4,47,14,13,5/04/20
944,C. Valenciana,7184,111.52,381,613,1901,283,812,5/04/20
945,Extremadura,2047,155.75,66,218,417,68,215,5/04/20
946,Galicia,5944,186.29,170,174,1831,319,587,5/04/20
942,Madrid,37584,418.44,1499,4941,14551,1335,16543,5/04/20
952,Murcia,1235,62.86,80,59,447,47,130,5/04/20
943,Navarra,3073,348.36,123,178,1399,101,334,5/04/20
950,País Vasco,8628,295.82,404,515,4666,441,3405,5/04/20
949,La Rioja,2592,611.75,66,134,855,187,904,5/04/20
935,Andalucía,8581,78.68,489,491,4227,280,798,6/04/20
936,Aragón,3347,205.34,237,284,1637,115,565,6/04/20
951,Asturias,1646,102.85,90,86,846,41,222,6/04/20
947,Baleares,1320,80.04,121,81,683,27,531,6/04/20
948,Canarias,1649,54.24,133,85,651,27,157,6/04/20
937,Cantabria,1483,195.5,65,77,658,42,118,6/04/20
939,Castilla La Mancha,10602,419.31,354,1132,2901,571,1259,6/04/20
938,Castilla y León,9116,294.26,348,919,2508,367,2533,6/04/20
940,Cataluña,26824,272.29,2276,2760,19143,792,10088,6/04/20
941,Ceuta y Melilla,169,90.83,7,5,47,3,13,6/04/20
944,C. Valenciana,7334,108.58,384,637,1909,150,930,6/04/20
945,Extremadura,2068,147.51,66,228,453,21,223,6/04/20
946,Galicia,6151,183.11,170,190,1916,207,610,6/04/20
942,Madrid,38723,422.43,1510,5136,14501,1139,17322,6/04/20
952,Murcia,1259,61.18,81,68,468,24,156,6/04/20
943,Navarra,3231,358.45,124,187,1432,158,380,6/04/20
950,País Vasco,8810,289.39,410,548,4794,182,3568,6/04/20
949,La Rioja,2719,622.48,66,141,888,127,964,6/04/20
935,Andalucía,8767,74.83,499,528,4335,186,900,7/04/20
936,Aragón,3449,203.97,247,312,1663,102,578,7/04/20
951,Asturias,1679,99.43,91,96,889,33,244,7/04/20
947,Baleares,1369,77.51,124,84,705,49,537,7/04/20
948,Canarias,1725,54.24,137,89,689,76,186,7/04/20
937,Cantabria,1501,185.17,66,85,677,18,129,7/04/20
939,Castilla La Mancha,11077,423.64,360,1177,2908,475,1353,7/04/20
938,Castilla y León,9581,296.76,346,982,5180,465,2711,7/04/20
940,Cataluña,28323,266.56,2391,2908,19745,1499,10738,7/04/20
941,Ceuta y Melilla,175,82.42,7,6,49,6,13,7/04/20
944,C. Valenciana,7443,105.44,384,672,1887,109,1103,7/04/20
945,Extremadura,2116,138.61,70,258,686,48,282,7/04/20
946,Galicia,6331,182.11,162,204,1968,180,688,7/04/20
942,Madrid,40469,421.96,1494,5371,13950,1746,18410,7/04/20
952,Murcia,1283,60.11,84,78,500,24,193,7/04/20
943,Navarra,3355,357.83,124,202,1488,124,421,7/04/20
950,País Vasco,9021,285.04,417,586,4856,211,3728,7/04/20
949,La Rioja,2846,645.21,66,160,918,127,994,7/04/20
935,Andalucía,8997,71.15,520,605,4463,230,1041,8/04/20
936,Aragón,3549,200.26,255,349,1716,100,659,8/04/20
951,Asturias,1705,90.54,91,102,958,26,294,8/04/20
947,Baleares,1412,73.95,129,89,731,43,616,8/04/20
948,Canarias,1762,51.31,138,91,703,37,249,8/04/20
937,Cantabria,1572,182.76,69,92,700,71,175,8/04/20
939,Castilla La Mancha,11788,443.12,354,1255,2731,711,1557,8/04/20
938,Castilla y León,10058,296.64,342,1028,5322,477,2988,8/04/20
940,Cataluña,29647,256.8,2442,3041,20250,1324,12250,8/04/20
941,Ceuta y Melilla,177,76.03,7,6,49,2,19,8/04/20
944,C. Valenciana,7655,100.7,371,724,1714,212,1344,8/04/20
945,Extremadura,2184,135.06,98,271,898,68,328,8/04/20
946,Galicia,6538,180.96,158,213,2014,207,800,8/04/20
942,Madrid,42450,418,1450,5586,13289,1981,19836,8/04/20
952,Murcia,1326,56.83,86,85,515,43,203,8/04/20
943,Navarra,3467,346.98,124,206,1526,112,450,8/04/20
950,País Vasco,9452,279.96,430,635,4982,431,4151,8/04/20
949,La Rioja,2951,638.58,68,177,955,105,1061,8/04/20
935,Andalucía,9261,69.58,538,652,4599,264,1193,9/04/20
936,Aragón,3685,194.73,261,385,1765,136,718,9/04/20
951,Asturias,1737,87.6,94,110,1018,32,340,9/04/20
947,Baleares,1448,68.55,132,89,751,36,696,9/04/20
948,Canarias,1834,48.76,140,92,730,72,359,9/04/20
937,Cantabria,1619,163.15,71,98,720,47,214,9/04/20
939,Castilla La Mancha,12489,447.94,342,1322,2575,701,1766,9/04/20
938,Castilla y León,10518,292.97,387,1082,5523,460,3242,9/04/20
940,Cataluña,31043,253.43,2507,3148,20943,1396,13063,9/04/20
941,Ceuta y Melilla,177,74.87,7,6,49,0,23,9/04/20
944,C. Valenciana,7964,95.21,541,767,3815,309,1772,9/04/20
945,Extremadura,2273,122.13,99,283,958,89,381,9/04/20
946,Galicia,6758,179.4,155,231,2094,220,910,9/04/20
942,Madrid,43877,400.86,1433,5800,12853,1427,21121,9/04/20
952,Murcia,1356,50.87,87,88,533,30,219,9/04/20
943,Navarra,3575,330.78,124,214,1526,108,462,9/04/20
950,País Vasco,9806,265.43,433,689,5130,354,4514,9/04/20
949,La Rioja,3026,641.1,69,182,997,75,1172,9/04/20
935,Andalucía,9510,67.94,582,691,4715,249,1437,10/04/20
936,Aragón,3831,188.97,263,409,1822,146,797,10/04/20
951,Asturias,1799,87.9,100,121,1083,62,372,10/04/20
947,Baleares,1488,63.77,136,97,777,40,737,10/04/20
948,Canarias,1858,45.51,141,94,738,24,386,10/04/20
937,Cantabria,1659,146.11,73,102,747,40,265,10/04/20
939,Castilla La Mancha,13063,449.07,329,1431,2359,574,1982,10/04/20
938,Castilla y León,11102,290.47,332,1129,5674,584,3506,10/04/20
940,Cataluña,31824,246.04,2582,3231,21530,781,13513,10/04/20
941,Ceuta y Melilla,186,74.29,7,6,50,9,29,10/04/20
944,C. Valenciana,8331,95.91,561,796,3987,367,2085,10/04/20
945,Extremadura,2332,103.12,101,288,1003,59,397,10/04/20
946,Galicia,6946,171.29,151,243,2165,188,997,10/04/20
942,Madrid,44783,383.29,1399,5972,12432,906,22414,10/04/20
952,Murcia,1383,44.78,88,90,533,27,255,10/04/20
943,Navarra,3748,322.07,124,218,1620,173,560,10/04/20
950,País Vasco,10103,249.21,442,729,5290,297,4680,10/04/20
949,La Rioja,3076,580.81,71,196,1047,50,1256,10/04/20
935,Andalucía,9712,64.59,602,737,4808,202,1630,11/04/20
936,Aragón,3969,180.17,266,425,1860,138,888,11/04/20
951,Asturias,1827,80.47,105,128,1147,28,414,11/04/20
947,Baleares,1507,56.11,137,102,778,19,757,11/04/20
948,Canarias,1887,40.03,144,95,745,29,432,11/04/20
937,Cantabria,1719,134.58,75,107,773,60,281,11/04/20
939,Castilla La Mancha,13456,439.97,316,1483,2198,393,2205,11/04/20
938,Castilla y León,11543,281.39,327,1180,5817,441,3757,11/04/20
940,Cataluña,32984,243.91,2629,3331,21921,1160,14258,11/04/20
941,Ceuta y Melilla,191,89.65,7,6,52,5,35,11/04/20
944,C. Valenciana,8578,90.81,565,818,4132,247,2289,11/04/20
945,Extremadura,2486,102.27,104,303,1052,154,462,11/04/20
946,Galicia,7176,163.14,144,261,2215,230,1082,11/04/20
942,Madrid,45849,365.11,1376,6084,11894,1066,23663,11/04/20
952,Murcia,1413,40.9,88,94,533,30,275,11/04/20
943,Navarra,3817,303.88,124,227,1641,69,603,11/04/20
950,País Vasco,10515,243.64,453,765,5402,412,4741,11/04/20
949,La Rioja,3223,564.08,73,207,1082,147,1337,11/04/20
935,Andalucía,10006,63.27,619,799,4950,294,1838,12/04/20
936,Aragón,4070,167.67,272,450,1901,101,934,12/04/20
951,Asturias,1892,78.61,106,140,1208,65,430,12/04/20
947,Baleares,1534,50.11,142,112,805,27,848,12/04/20
948,Canarias,1918,36.83,144,95,758,31,447,12/04/20
937,Cantabria,1752,125.46,75,110,805,33,297,12/04/20
939,Castilla La Mancha,13698,415.77,316,1543,6838,242,2365,12/04/20
938,Castilla y León,12118,279.39,323,1221,5957,575,4010,12/04/20
940,Cataluña,34027,247.56,2658,3442,22369,1043,14975,12/04/20
941,Ceuta y Melilla,191,84.93,7,6,52,0,35,12/04/20
944,C. Valenciana,8841,71.37,567,838,4149,263,2624,12/04/20
945,Extremadura,2580,105.27,106,312,1074,94,481,12/04/20
946,Galicia,7336,155.47,140,274,2306,160,1143,12/04/20
942,Madrid,46587,358.83,1332,6278,11424,738,24683,12/04/20
952,Murcia,1449,38.62,91,97,537,36,344,12/04/20
943,Navarra,3969,299.29,124,232,1663,152,650,12/04/20
950,País Vasco,10772,227.92,459,804,5547,257,4867,12/04/20
949,La Rioja,3279,520.84,73,219,1122,56,1420,12/04/20
935,Andalucía,10187,56.83,621,815,4993,181,1967,13/04/20
936,Aragón,4187,159.86,274,464,1938,117,946,13/04/20
951,Asturias,1958,78.22,110,149,1265,66,434,13/04/20
947,Baleares,1550,47.85,143,117,811,16,862,13/04/20
948,Canarias,1944,34.36,145,96,763,26,458,13/04/20
937,Cantabria,1777,116.51,75,117,827,25,317,13/04/20
939,Castilla La Mancha,14054,403.18,475,1626,7782,356,2532,13/04/20
938,Castilla y León,12628,284.51,312,1263,6077,510,4154,13/04/20
940,Cataluña,34726,241.93,2713,3538,22780,699,15602,13/04/20
941,Ceuta y Melilla,196,70.19,7,6,52,5,38,13/04/20
944,C. Valenciana,9060,78.94,576,876,4269,219,2803,13/04/20
945,Extremadura,2658,102.84,108,321,1096,78,511,13/04/20
946,Galicia,7494,139.69,136,284,2344,158,1186,13/04/20
942,Madrid,47146,346.01,1327,6423,11233,559,25385,13/04/20
952,Murcia,1463,35.08,94,101,543,14,353,13/04/20
943,Navarra,4092,297.46,124,239,1693,123,695,13/04/20
950,País Vasco,11018,224.71,464,831,5622,246,5026,13/04/20
949,La Rioja,3358,512.95,73,223,1141,79,1458,13/04/20
935,Andalucía,10192,51.98,631,836,5054,5,2032,14/04/20
936,Aragón,4245,149.55,280,492,1966,58,963,14/04/20
951,Asturias,2051,79.68,111,156,1330,93,458,14/04/20
947,Baleares,1571,43.67,145,118,826,21,871,14/04/20
948,Canarias,1958,32.32,147,102,771,14,589,14/04/20
937,Cantabria,1796,107.56,76,120,853,19,323,14/04/20
939,Castilla La Mancha,14329,388.86,486,1714,7830,275,2943,14/04/20
938,Castilla y León,13180,290.43,308,1299,6175,552,4266,14/04/20
940,Cataluña,35197,213.99,2775,3666,23126,471,15967,14/04/20
941,Ceuta y Melilla,197,73.13,7,6,52,1,40,14/04/20
944,C. Valenciana,9213,74.04,581,907,4397,153,3069,14/04/20
945,Extremadura,2684,98.9,108,334,1114,26,578,14/04/20
946,Galicia,7597,131.8,133,290,2403,103,1240,14/04/20
942,Madrid,48048,308.24,1299,6568,10753,902,26247,14/04/20
952,Murcia,1487,34.34,96,106,566,24,476,14/04/20
943,Navarra,4150,282.02,124,249,1705,58,730,14/04/20
950,País Vasco,11226,222.21,470,859,5679,208,5193,14/04/20
949,La Rioja,3420,508.21,74,234,1152,62,1519,14/04/20
935,Andalucía,10595,49.95,665,865,5147,289,2224,15/04/20
936,Aragón,4338,140,282,514,2006,93,1012,15/04/20
951,Asturias,2096,75.67,114,166,1387,45,487,15/04/20
947,Baleares,1606,41.32,149,125,857,35,881,15/04/20
948,Canarias,1975,27.63,152,104,781,17,622,15/04/20
937,Cantabria,1823,104.98,76,132,873,27,363,15/04/20
939,Castilla La Mancha,14680,375.48,495,1755,7896,351,2998,15/04/20
938,Castilla y León,13697,285.47,306,1337,6306,517,4521,15/04/20
940,Cataluña,36505,215.16,2789,3756,23372,1308,16651,15/04/20
941,Ceuta y Melilla,200,50.85,7,6,52,3,54,15/04/20
944,C. Valenciana,9424,69.99,588,945,4465,211,3360,15/04/20
945,Extremadura,2762,101.43,109,342,1155,78,615,15/04/20
946,Galicia,7708,121.36,128,299,2471,111,1298,15/04/20
942,Madrid,49526,295.44,1244,6724,10116,1478,27433,15/04/20
952,Murcia,1520,32.06,97,109,574,33,513,15/04/20
943,Navarra,4246,267.34,124,252,1731,96,808,15/04/20
950,País Vasco,11475,210.03,471,902,5750,249,5428,15/04/20
949,La Rioja,3457,472.54,75,246,1182,37,1585,15/04/20
935,Andalucía,10807,45.58,671,912,5226,212,2634,16/04/20
936,Aragón,4566,141.44,291,543,2108,228,1087,16/04/20
951,Asturias,2170,76.85,116,168,1432,74,522,16/04/20
947,Baleares,1637,37.67,152,131,872,31,918,16/04/20
948,Canarias,1988,25.26,156,107,802,13,673,16/04/20
937,Cantabria,1845,99.3,77,137,890,22,442,16/04/20
939,Castilla La Mancha,15151,367.41,503,1796,7987,471,3378,16/04/20
938,Castilla y León,14380,292.76,307,1372,6449,683,4725,16/04/20
940,Cataluña,37354,202.6,2798,3855,23680,849,17297,16/04/20
941,Ceuta y Melilla,203,50.25,7,6,52,3,68,16/04/20
944,C. Valenciana,9615,66.09,625,972,4524,191,3702,16/04/20
945,Extremadura,2881,97.78,110,359,1186,119,649,16/04/20
946,Galicia,7873,112.28,123,310,2494,165,1383,16/04/20
942,Madrid,50694,278.22,1206,6877,9653,1168,28491,16/04/20
952,Murcia,1598,34.41,97,111,575,78,516,16/04/20
943,Navarra,4348,254.66,124,261,1752,102,845,16/04/20
950,País Vasco,11790,202.6,478,956,5863,315,5813,16/04/20
949,La Rioja,3916,578.6,75,257,1207,459,1654,16/04/20
935,Andalucía,11053,43.72,675,940,5298,246,2790,17/04/20
936,Aragón,4664,134.54,240,562,2151,98,1132,17/04/20
951,Asturias,2230,77.92,118,174,1474,60,545,17/04/20
947,Baleares,1668,35.76,152,134,905,31,938,17/04/20
948,Canarias,2009,24.1,159,111,811,21,730,17/04/20
937,Cantabria,1884,96.89,78,144,903,39,510,17/04/20
939,Castilla La Mancha,15997,367.66,511,1852,8018,846,3600,17/04/20
938,Castilla y León,14903,292.89,297,1401,6518,523,4924,17/04/20
940,Cataluña,38316,193.56,2305,3752,21242,962,12787,17/04/20
941,Ceuta y Melilla,205,42.66,7,6,53,2,74,17/04/20
944,C. Valenciana,9869,64.85,632,999,4605,254,4024,17/04/20
945,Extremadura,3019,105.46,110,372,1212,138,707,17/04/20
946,Galicia,8013,103.5,117,320,2535,140,1456,17/04/20
942,Madrid,51993,267.21,1154,7007,9141,1299,29436,17/04/20
952,Murcia,1625,32.13,99,112,585,27,545,17/04/20
943,Navarra,4433,244.11,124,338,1781,85,892,17/04/20
950,País Vasco,12089,193.04,484,992,5939,299,6144,17/04/20
949,La Rioja,4098,591.54,76,262,1226,182,1729,17/04/20
935,Andalucía,11020,43.72,677,967,5341,107,2948,18/04/20
936,Aragón,4761,134.54,243,601,2180,97,1121,18/04/20
951,Asturias,2272,77.92,119,187,1520,42,575,18/04/20
947,Baleares,1748,35.76,157,148,937,80,958,18/04/20
948,Canarias,2035,24.1,160,115,822,26,785,18/04/20
937,Cantabria,1990,96.89,78,149,911,106,534,18/04/20
939,Castilla La Mancha,16349,367.66,514,1913,8093,352,3838,18/04/20
938,Castilla y León,15293,292.89,495,1429,6831,390,5103,18/04/20
940,Cataluña,39943,193.56,2349,3879,22013,1627,13275,18/04/20
941,Ceuta y Melilla,212,42.66,7,6,53,7,83,18/04/20
944,C. Valenciana,9795,64.85,636,1042,4708,76,4306,18/04/20
945,Extremadura,3081,105.46,112,380,1240,62,736,18/04/20
946,Galicia,8084,103.5,115,334,2554,71,0,18/04/20
942,Madrid,52946,267.21,1094,7132,8597,953,30475,18/04/20
952,Murcia,1638,32.13,102,115,611,13,638,18/04/20
943,Navarra,4556,244.11,127,354,1829,123,954,18/04/20
950,País Vasco,12355,193.04,490,1020,6030,266,6556,18/04/20
949,La Rioja,3648,591.54,78,272,1249,101,1777,18/04/20
935,Andalucía,11205,34.51,687,993,5424,185,3116,19/04/20
936,Aragón,4831,121.2,246,619,2216,70,1175,19/04/20
951,Asturias,2298,67.76,120,196,1571,26,596,19/04/20
947,Baleares,1773,41.76,160,155,955,25,993,19/04/20
948,Canarias,2047,19.74,162,119,825,12,789,19/04/20
937,Cantabria,2050,104.81,78,153,924,60,610,19/04/20
939,Castilla La Mancha,16625,324.37,518,1963,8137,276,3963,19/04/20
938,Castilla y León,15621,286.39,498,1458,6981,328,5262,19/04/20
940,Cataluña,40600,189.81,2395,3933,22235,657,13691,19/04/20
941,Ceuta y Melilla,213,39.65,7,6,53,1,59,19/04/20
944,C. Valenciana,9937,55.02,643,1065,4781,142,103,19/04/20
945,Extremadura,3136,101.99,112,384,1278,55,767,19/04/20
946,Galicia,8185,83.02,112,346,2590,101,NA,19/04/20
942,Madrid,54884,259.63,1123,7239,8291,1938,31313,19/04/20
952,Murcia,1644,27.38,102,116,612,6,652,19/04/20
943,Navarra,4621,236.62,127,369,1843,65,992,19/04/20
950,País Vasco,12569,178.51,499,1062,6086,214,6972,19/04/20
949,La Rioja,3705,351.33,79,277,1268,57,1816,19/04/20
935,Andalucía,11323,32.59,690,1013,5473,118,3229,20/04/20
936,Aragón,4886,116.65,248,637,2244,55,1178,20/04/20
951,Asturias,2348,68.64,122,200,1599,50,599,20/04/20
947,Baleares,1788,40.71,161,157,963,15,1005,20/04/20
948,Canarias,2067,19.41,163,119,826,20,813,20/04/20
937,Cantabria,2083,103.26,78,158,934,33,626,20/04/20
939,Castilla La Mancha,16796,304.69,531,2021,8173,171,4178,20/04/20
938,Castilla y León,15857,280.93,501,1493,7080,236,5366,20/04/20
940,Cataluña,41676,193.51,2409,4009,22375,1076,13934,20/04/20
941,Ceuta y Melilla,215,26.92,7,6,53,2,120,20/04/20
944,C. Valenciana,10018,53.64,646,1079,4827,81,4629,20/04/20
945,Extremadura,3186,104.71,112,389,1306,50,858,20/04/20
946,Galicia,8299,79.57,108,352,2609,114,1548,20/04/20
942,Madrid,56963,252.95,1111,7351,8191,2079,31762,20/04/20
952,Murcia,1646,25.91,103,117,612,2,662,20/04/20
943,Navarra,4697,224.09,128,385,1856,76,1123,20/04/20
950,País Vasco,12628,172.93,501,1081,6109,59,7124,20/04/20
949,La Rioja,3734,320.39,79,285,1282,29,1833,20/04/20
935,Andalucía,11447,31.85,692,1017,5509,124,3411,21/04/20
936,Aragón,4938,112.86,250,643,2271,52,1182,21/04/20
951,Asturias,2365,67.07,122,202,1626,17,616,21/04/20
947,Baleares,1808,38.19,161,161,986,20,1005,21/04/20
948,Canarias,2085,16.72,164,120,837,18,878,21/04/20
937,Cantabria,2123,107.04,78,165,948,40,646,21/04/20
939,Castilla La Mancha,17045,293.58,534,2075,8199,249,4242,21/04/20
938,Castilla y León,16259,278.3,503,1521,7174,402,5429,21/04/20
940,Cataluña,43112,192.69,2437,4152,22796,1436,14446,21/04/20
941,Ceuta y Melilla,216,24.03,7,6,53,1,119,21/04/20
944,C. Valenciana,10084,52.78,648,1089,4866,66,4719,21/04/20
945,Extremadura,3196,101.15,112,397,1327,10,921,21/04/20
946,Galicia,8468,79.16,101,360,2652,169,1588,21/04/20
942,Madrid,57997,263.05,1076,7460,7930,1034,32277,21/04/20
952,Murcia,1681,26.64,104,120,614,35,702,21/04/20
943,Navarra,4781,217.97,128,397,1877,84,1190,21/04/20
950,País Vasco,12810,171.62,507,1103,6141,182,7277,21/04/20
949,La Rioja,3763,289.46,81,294,1297,29,1866,21/04/20
935,Andalucía,11610,31.05,696,1050,5565,163,3569,22/04/20
936,Aragón,5054,114.08,252,656,2304,116,1530,22/04/20
951,Asturias,2419,69.81,128,211,1665,54,642,22/04/20
947,Baleares,1836,36.89,166,164,1005,28,1017,22/04/20
948,Canarias,2094,15.42,164,121,841,9,927,22/04/20
937,Cantabria,2160,101.19,78,167,956,37,718,22/04/20
939,Castilla La Mancha,17321,272.18,537,2140,8243,276,4337,22/04/20
938,Castilla y León,16839,282.59,505,1554,7264,580,5614,22/04/20
940,Cataluña,43802,184.42,2460,4247,23295,690,15089,22/04/20
941,Ceuta y Melilla,223,26.99,7,6,53,7,126,22/04/20
944,C. Valenciana,10538,57.62,649,1106,4896,454,5011,22/04/20
945,Extremadura,3230,97.97,112,404,1349,34,1051,22/04/20
946,Galicia,8634,77.64,96,368,2674,166,1625,22/04/20
942,Madrid,59199,251.36,1024,7577,7464,1202,33032,22/04/20
952,Murcia,1695,24.7,104,123,622,14,761,22/04/20
943,Navarra,4899,218.89,128,401,1894,118,1316,22/04/20
950,País Vasco,13044,162.7,513,1124,6201,234,7651,22/04/20
949,La Rioja,3792,265.47,81,298,1318,29,1899,22/04/20
935,Andalucía,11845,30.71,702,1079,5616,235,3847,23/04/20
936,Aragón,5237,117.64,253,681,2340,183,1680,23/04/20
951,Asturias,2453,70,130,223,1705,34,665,23/04/20
947,Baleares,1861,35.93,167,168,1022,25,1047,23/04/20
948,Canarias,2113,12.96,169,121,855,19,969,23/04/20
937,Cantabria,2206,101.02,78,173,965,46,850,23/04/20
939,Castilla La Mancha,17557,249.3,546,2188,8304,236,4577,23/04/20
938,Castilla y León,17402,286.89,508,1582,7397,563,5777,23/04/20
940,Cataluña,44892,180.44,2478,4343,23647,1090,15477,23/04/20
941,Ceuta y Melilla,224,27.57,7,6,53,1,131,23/04/20
944,C. Valenciana,10692,54.52,650,1124,4917,154,5388,23/04/20
945,Extremadura,3260,92.44,113,407,1375,30,1237,23/04/20
946,Galicia,8805,75.83,92,375,2694,171,1676,23/04/20
942,Madrid,60487,249.27,981,7684,7077,1288,33645,23/04/20
952,Murcia,1721,24.43,104,124,624,26,766,23/04/20
943,Navarra,4994,216.9,129,409,1907,95,1445,23/04/20
950,País Vasco,13436,164.42,516,1167,6260,392,8136,23/04/20
949,La Rioja,3839,256.63,82,303,1331,47,1937,23/04/20
935,Andalucía,12495,24.08,714,1107,5675,133,3992,24/04/20
936,Aragón,5295,78.53,254,695,2359,34,1781,24/04/20
951,Asturias,2509,42.53,131,231,1728,5,688,24/04/20
947,Baleares,1878,28.97,166,172,1040,14,1081,24/04/20
948,Canarias,2140,13.1,169,128,868,27,1017,24/04/20
937,Cantabria,2273,73.14,78,178,978,61,913,24/04/20
939,Castilla La Mancha,18053,113.24,553,2255,8342,237,4782,24/04/20
938,Castilla y León,17776,191.29,510,1612,7506,182,5943,24/04/20
940,Cataluña,46571,178.76,2569,4393,24130,652,16138,24/04/20
941,Ceuta y Melilla,241,12.25,7,6,54,1,145,24/04/20
944,C. Valenciana,10906,32.14,651,1147,4945,70,5809,24/04/20
945,Extremadura,3403,36.15,108,411,1413,3,1358,24/04/20
946,Galicia,8932,73.57,87,382,2707,127,1730,24/04/20
942,Madrid,61726,201.22,949,7765,6601,1097,34212,24/04/20
952,Murcia,1741,5.69,105,125,625,8,791,24/04/20
943,Navarra,5180,127.33,129,417,1915,4,1552,24/04/20
950,País Vasco,13780,80.53,518,1193,6315,92,8459,24/04/20
949,La Rioja,4865,225.38,82,307,1344,49,1964,24/04/20
